<?xml version="1.0"?>
<contentList xmlns:xsd="http://www.w3.org/2001/XMLSchema" xmlns:xsi="http://www.w3.org/2001/XMLSchema-instance">
  <content contentuid="h4189b701g5394g9e0fgbc8fg119e622e8139" version="1">Oaken Resilience</content>
  <content contentuid="h59727c16geeafg1907g87e8gb9d0aca75eef" version="1">The target's skin becomes tough, with a consistency like bark or wood. The target gains &lt;LSTag Tooltip="Resistance"&gt;resistance&lt;/LSTag&gt; [1] to bludgeoning and piercing damage and &lt;LSTag Tooltip="Weakness"&gt;weakness&lt;/LSTag&gt; [2] to fire. </content>
  <content contentuid="he599a846gb38fg12bega24agab6291b54fad" version="1">Stabilize</content>
  <content contentuid="h093d3c24g74b2g0294gc6bbg5f3dbcfc4798" version="1">Life energy shuts death's door. The target loses the &lt;LSTag Type="Status" Tooltip="DOWNED"&gt;Downed&lt;/LSTag&gt; condition.</content>
  <content contentuid="h6751352bg1ca8ga06dg2c67gf8329d4f3f4d" version="1">Clear Mind</content>
  <content contentuid="h91f14a74g7876ge125g622cga580b44901ba" version="1">Touch a creature and negate any &lt;LSTag Type="Status" Tooltip="FRIGHTENED"&gt;Frightened&lt;/LSTag&gt;, &lt;LSTag Type="Status" Tooltip="FLEEING"&gt;Fleeing&lt;/LSTag&gt;, or &lt;LSTag Type="Status" Tooltip="STUPEFIED"&gt;Stupefied&lt;/LSTag&gt; conditions afflicting it.</content>
  <content contentuid="h482861ebgbc1cgf2e6g838dg547df3aea45a" version="1">Clear Mind</content>
  <content contentuid="hc88876d9gcc96g9133g75afg322ddcf5bccd" version="1">Touch a creature and negate any &lt;LSTag Type="Status" Tooltip="FRIGHTENED"&gt;Frightened&lt;/LSTag&gt;, &lt;LSTag Type="Status" Tooltip="FLEEING"&gt;Fleeing&lt;/LSTag&gt;, &lt;LSTag Type="Status" Tooltip="STUPEFIED"&gt;Stupefied&lt;/LSTag&gt;, &lt;LSTag Type="Status" Tooltip="CONFUSED"&gt;Confused&lt;/LSTag&gt;, or &lt;LSTag Type="Status" Tooltip="SLOWED"&gt;Slowed&lt;/LSTag&gt; conditions afflicting it.</content>
  <content contentuid="h207997a8gb776g6a28g2ae9g631ab214dab9" version="1">Sound Body</content>
  <content contentuid="hec369b44g80b6gba83g5722g6e6f4501ee04" version="1">Touch a creature and negate any &lt;LSTag Type="Status" Tooltip="BLINDED"&gt;Blind&lt;/LSTag&gt;, &lt;LSTag Type="Status" Tooltip="DAZZLED"&gt;Dazzled&lt;/LSTag&gt;, &lt;LSTag Type="Status" Tooltip="ENFEEBLED"&gt;Enfeebled&lt;/LSTag&gt;, or &lt;LSTag Type="Status" Tooltip="SICKENED"&gt;Sickened&lt;/LSTag&gt; condition afflicting it.</content>
  <content contentuid="h9bd675f4gdf9fgcc45g4309g1103a89823a4" version="1">Sound Body</content>
  <content contentuid="h6e6bebe0g3414g4398g4348g95fbafbed7e1" version="1">Touch a creature and negate any &lt;LSTag Type="Status" Tooltip="BLINDED"&gt;Blind&lt;/LSTag&gt;, &lt;LSTag Type="Status" Tooltip="DAZZLED"&gt;Dazzled&lt;/LSTag&gt;, &lt;LSTag Type="Status" Tooltip="ENFEEBLED"&gt;Enfeebled&lt;/LSTag&gt;, &lt;LSTag Type="Status" Tooltip="SICKENED"&gt;Sickened&lt;/LSTag&gt;, or &lt;LSTag Type="Status" Tooltip="SLOWED"&gt;Slowed&lt;/LSTag&gt; condition afflicting it.</content>
  <content contentuid="h8d7ef7b9gc40ag1af9g4f72g10e965966ff0" version="1">Sure Strike</content>
  <content contentuid="h0d3b7798g2154gee61gb19ag2c0566c63c18" version="1">Gain &lt;LSTag Tooltip="Advantage"&gt;Advantage&lt;/LSTag&gt; on your next &lt;LSTag Tooltip="AttackRoll"&gt;Attack Roll&lt;/LSTag&gt; this turn.</content>
  <content contentuid="h649b7e19gc0e5gffc3g0ab4g8c9174fcb9c4" version="1">Knock</content>
  <content contentuid="ha67942e3g007ag0bf9ge11ag3b96484fe8d5" version="1">Unlock an object that is held shut by a mundane lock.</content>
  <content contentuid="h7e03d6daga91ege38fg11fag8679da8f359a" version="1">Summon a flaming shield that wreathes your body in flames. It sheds light in a [1] radius, provides &lt;LSTag Tooltip="Resistant"&gt;Resistance&lt;/LSTag&gt; to Cold damage, and retaliates against melee attacks.</content>
  <content contentuid="h86435732ga351g2fceg7221gfa379af168cf" version="1">Fire Shield</content>
  <content contentuid="h12044e2cg4718gf810g0479gcd730e06a29c" version="1">Summon a flaming shield that wreathes your body in flames. It sheds light in a [1] radius, provides &lt;LSTag Tooltip="Resistant"&gt;Resistance&lt;/LSTag&gt; to Cold damage, and retaliates against melee attacks.</content>
  <content contentuid="h74e33463g1c7egf2cfgd715g467f15cda00e" version="1">Fire Shield</content>
  <content contentuid="hd4674a14gb1b8g4c97g7dcbgeff794d415bd" version="1">Wall of Stone</content>
  <content contentuid="h5f879c46g65cfgd83bgdf7cg34b3015c8582" version="1">Raise a wall of non-magical, solid stone.</content>
  <content contentuid="h495f7b2bg18f4g7b59gced1gba7a7dc1a6d9" version="1">Wall of Thorns</content>
  <content contentuid="ha558e800gc8d2ge913gc1ebg5fc8d971c153" version="1">Create a wall of pliable, twisted thorns surrounded by &lt;LSTag Type="Status" Tooltip="ENSNARED_VINES"&gt;Entangling&lt;/LSTag&gt; vines. </content>
  <content contentuid="hd1b69f5bga6e5g0b46g7f72g70546b4e817a" version="1">Creatures can move through the wall, but they take [1] per turn, and their &lt;LSTag Tooltip="MovementSpeed"&gt;movement speed&lt;/LSTag&gt; is quartered.</content>
  <content contentuid="h701315ceg6bbaga92egd1d3gec208798a6b1" version="1">Flame Shield</content>
  <content contentuid="hfa72992fg784fg9418g0824gb77247164746" version="1">Deal [1] to melee attackers.</content>
  <content contentuid="h89c4b4b4g8781g8205g5c66g20b7e3017033" version="1">Flame Shield</content>
  <content contentuid="h3ef4fd79gf480g73a4ge56dg75f5fa51d862" version="1">Deal [1] to melee attackers.</content>
  <content contentuid="hb0f70308g3f28g5900ge464gd89d8ba749a3" version="1">Fire Shield</content>
  <content contentuid="hf220893bgf19dgb30fg7e87ga51ac114fa2d" version="1">Wreathed in scorching flames. &lt;br&gt;&lt;br&gt;Affected entity sheds light in a [2] radius, has &lt;LSTag Tooltip="Resistant"&gt;Resistance&lt;/LSTag&gt; to Cold damage, and deals [1] to anyone who hits it with a melee attack.</content>
  <content contentuid="h67c3d179g60d1gfb12gfac8gb58d99314cbf" version="1">Fire Shield</content>
  <content contentuid="hdb32b2dag7cd1g6efcg938dge39e168bfa64" version="1">Wreathed in scorching flames. &lt;br&gt;&lt;br&gt;Affected entity sheds light in a [2] radius, has &lt;LSTag Tooltip="Resistant"&gt;Resistance&lt;/LSTag&gt; to Cold damage, and deals [1] to anyone who hits it with a melee attack.</content>
  <content contentuid="h84be24a8gcd9bg6c04gdcfcg3fb9ad87c5aa" version="1">Oaken Resilience</content>
  <content contentuid="h1ab8b972g1e24gfb37g7b79g0edfaf971e1b" version="1">Takes [1] less[2], [1] less[3], but [4] more[5].</content>
  <content contentuid="hf2af3794g9a97gaa61g7e51g98e39d6dbbf3" version="1">Oaken Resilience</content>
  <content contentuid="hd9cd515ege197g8b60ga4d7g36a326fe8659" version="1">Takes [1] less[2], [1] less[3], but [4] more[5].</content>
  <content contentuid="h24b73aa3ge1aag2f4cgc05agbfbf5ebf9369" version="1">Oaken Resilience</content>
  <content contentuid="h7ca30072gfe31gbca6g5896g6ab64a31d83c" version="1">Takes [1] less[2], [1] less[3], but [4] more[5].</content>
  <content contentuid="h83c1bdbcgea3cg37c7g10c9ga624ba32acb0" version="1">Conductive Weapon</content>
  <content contentuid="h94b53f65g7242g08b1gfe39gf00d0bfe6a82" version="1">Channel a powerful electric current through the metal of a weapon, zapping anyone the item hits. The target becomes a +[1] shock weapon.</content>
  <content contentuid="h735126d0g8e2ag321dg65e4g5ea05622ea54" version="1">Frenzied Bite</content>
  <content contentuid="h86c6f9c0g6741gdd37g239fgfd1a2e551e9a" version="1">Frenzied Claw</content>
  <content contentuid="h9a62005cg019eg6ef4gdc2agfa38ff45cc99" version="1">Bleeding</content>
  <content contentuid="h1818b82egc6e5g4909g226eg4fede551d303" version="2">Takes 1d4 persistent bleed damage.</content>
  <content contentuid="hbd99b6a9g3aa8g7ce6g449egda1bbc8380ea" version="1">Moon Frenzy</content>
  <content contentuid="h8a82bd15gaa1egabd1gea7fgc184bf2be620" version="1">Frenzy</content>
  <content contentuid="he0c82f21g0a2cga3bbg8601g164ba17c8f22" version="1">A feral aspect overcomes the target, filling them with strength and ferocity. They gain 5 temporary Hit Points, a +10-foot bonus to their speed, and weakness 5 to silver. They also grow vicious fangs and claws, which are unarmed attacks that cause 1d4 persistent bleed damage on a critical hit.</content>
  <content contentuid="h84b958efg32f0g14acg9167gdd61abc53e79" version="1">Moons Vigor</content>
  <content contentuid="he34cbb8aga4c0g02b6g1119g28c66bac7e42" version="1">You have tempoary hit points for 1 round.</content>
  <content contentuid="h8647fce4gc6f2g6d5egda1eg83cbc51a2d66" version="1">Vigor</content>
  <content contentuid="hbb783b62g9a88g6b78ge422g9b8c872a9a83" version="1">Your teeth have grown into vicious fangs. Bite to deal [1]d8 piercing damage, inflicting Bleed on a critical hit.</content>
  <content contentuid="h862b293cge2f6gc60agdaf8g2b388f82d425" version="1">Your nails have grown into vicious claws. Swipe to deal [1]d6 slashing damage, inflicting Bleed on a critical hit.</content>
  <content contentuid="h375c6ffbgf9cegd1d6g3a10gb5cad863adfd" version="1">A feral aspect overcomes your targets, filling them with strength and ferocity. Targets gain [1] temporary Hit Points, a +10-foot status bonus to their speed, and weakness [2] to silver. They also grow vicious fangs and claws, which are unarmed attacks. These attacks can inflict bleeding on a critical hit.</content>
  <content contentuid="hb1f714f2gc286gd48cgaaa7gf373693dfdae" version="3">Fire Shield</content>
  <content contentuid="h9bef5240gacdbg9708gf3d6gb4cdd337f13c" version="2">Fire Shield</content>
  <content contentuid="ha1ce0b16g50a9gc0c5g11f9g607df7a0d7c6" version="1">Ignite Fireworks</content>
  <content contentuid="h6f3a27e5ga46cg3237g6bedgbcb1529561d4" version="1">2 Actions&lt;br&gt;Range 30 feet&lt;br&gt;Area 10-foot burst&lt;br&gt;Defense Reflex&lt;br&gt;A brilliant and clamorous display of sparks and colorful fireworks explode around your enemies, dealing 1d8 fire damage and 1d8 sonic damage to creatures within a 10-foot burst. All creatures in the area must attempt a Reflex save.&lt;br&gt;Heightened (+2) The initial fire damage increases by 1d8, the sonic damage increases by 1d8, and the persistent fire damage a creature takes on a critical failure increases by 1d4.</content>
  <content contentuid="h1d54c117g6236g0967g886bge6f6faeb837c" version="1">Thunderstrike</content>
  <content contentuid="h2bdca8e1g7388g3bcag6f13gb0a83e1f496d" version="1">2 Actions&lt;br&gt;Range 1d20 feet&lt;br&gt;Targets 1 creature&lt;br&gt;Defense basic Reflex&lt;br&gt;You call down a tendril of lightning that cracks with thunder, dealing 1d12 electricity damage and 1d4 sonic damage to the target with a basic Reflex save.&lt;br&gt;Heightened (+1) The damage increases by 1d12 electricity and 1d4 sonic.</content>
  <content contentuid="h33e0dce1g5c2eg7836g8d1fgf6486e2ecd8b" version="1">Ignite Fireworks</content>
  <content contentuid="h9b3337ceg54c7g4a97g58begcea64ba59980" version="1">2 Actions&lt;br&gt;Range 30 feet&lt;br&gt;Area 10-foot burst&lt;br&gt;Defense Reflex&lt;br&gt;A brilliant and clamorous display of sparks and colorful fireworks explode around your enemies, dealing 1d8 fire damage and 1d8 sonic damage to creatures within a 10-foot burst. All creatures in the area must attempt a Reflex save.&lt;br&gt;Heightened (+2) The initial fire damage increases by 1d8, the sonic damage increases by 1d8, and the persistent fire damage a creature takes on a critical failure increases by 1d4.</content>
  <content contentuid="hfb67bbd0g4da7g8a4bg2885ga31e3bafaa04" version="1">Tortoise and the Hare</content>
  <content contentuid="hcbd1a10dg217cg3fb2g6821g027b44f67ab7" version="1">2 Actions&lt;br&gt;Range 30 feet&lt;br&gt;Defense Fortitude&lt;br&gt;You prove that slow and steady doesn't always win the race by turning a foe into a proverbial tortoise and yourself or an ally into a hare, siphoning some of the foe's speed and granting it to the other target. The effects depend on the foe's Fortitude save.&lt;br&gt;Critical Success The targets are unaffected.&lt;br&gt;Success The foe is slowed 1 for 1 round, and the other target is unaffected.&lt;br&gt;Failure The foe is slowed 1 for 3 rounds and the other target is quickened for 1 round. It can use the extra action to Step, Stride, or Strike.&lt;br&gt;Critical Failure The foe is slowed 1 for 3 minutes and the other target is quickened for 1 minute. It can use the extra action to Step, Stride, or Strike.&lt;br&gt; </content>
  <content contentuid="h453fcb48g0f98g82f0g4aabg3680b138c1bc" version="1">Hare</content>
  <content contentuid="hefdb9f5bge050g37b4gdf44g1fbd990c50ea" version="1">Free Action&lt;br&gt;Range 30 feet&lt;br&gt;Hasten an ally for 1 round.&lt;br&gt;</content>
  <content contentuid="h7d8ac7e6g4ff5g1e3ag26eagc6c8f49f030b" version="1">Free Action&lt;br&gt;Range 30 feet&lt;br&gt;Hasten an ally for 1 minute.&lt;br&gt;</content>
  <content contentuid="h83d9eab9ga7d1gd499gb9eag9a75a405ae7b" version="1">Hare</content>
  <content contentuid="hdd6d6837g1a7cgf480g7d73gd7b4457678f0" version="1">You have stolen the speed of an enemy, and may use your next action to grant it to an ally.</content>
  <content contentuid="h9fce9da0ge236ge00bg58ecgbdd58a4c4361" version="1">Tortoise</content>
  <content contentuid="h6bdd50c2gdbedgd1d4g9389g1b0c51090c35" version="1">The target has had its speed stolen, inflicting the Stunned condition.</content>
  <content contentuid="hd0f6c3c3g121bg313dg8ebfg4b8013c51e77" version="1">Tortoise</content>
  <content contentuid="h5d886212gbb58g0292g99b5g1f7054a27d35" version="1">The target has had its speed stolen, inflicting the Stunned condition.</content>
  <content contentuid="h88eb3157g4136gfcb6gdd3ag25b89780c963" version="2">Tortoise</content>
  <content contentuid="h60fb293dgd7c6g9c93g2a91gb30cbb95947e" version="1">This creature has had a portion of it's speed stolen from it, reducing the number of actions it can use by [1]</content>
  <content contentuid="h194ba72dg6eafga407gbe4cg3cdba38da5c8" version="1">Tortoise</content>
  <content contentuid="h04cec6f0gbe24g3e55g25e7gb0a53f5cb7c3" version="1">Tortoise</content>
  <content contentuid="he80c1c38g759eg9b90g7e60gbd6d0e32d8cc" version="1">Planar Tether</content>
  <content contentuid="h33b56aacg5f9eg1e61gb214g47e68976971c" version="1">This creature is tethered to the material plane, and cannot teleport or use teleportation effects.</content>
  <content contentuid="h15d067f7g1d6bg78d4g3e2bg7544892c3c95" version="1">Planar Tether</content>
  <content contentuid="h16e8a5afgc677gb114gb1d1g6da30433377f" version="2">2 Actions&lt;br&gt;Range 30 feet&lt;br&gt;Defense Will&lt;br&gt;You stitch the target to its current plane. While the target is affected by planar tether, the spell prevents any teleportation effect that would move the target, or any effect that would transport it to a different plane. Planar tether's duration is determined by the target's Will save.&lt;br&gt;Critical Success The targets are unaffected.&lt;br&gt;Success The duration is 1 minute.&lt;br&gt;Failure The duration is 10 minutes.&lt;br&gt;Critical Failure The duration is 1 hour.</content>
  <content contentuid="h21c32c7bg0839gef9ege7c7g9ac94ac6376e" version="2">Spell Blocked</content>
  <content contentuid="h1a8611feg995cg3585gc9acg2e1a01fc7b76" version="1">Resource used exclusively to prevent spells from being cast. It is never actually granted, only given as a use cost.</content>
  <content contentuid="h0a3cb0e2gcacdg5e4cg435agfedcc05165e7" version="1">Spout</content>
  <content contentuid="h05d1b183gdac4g05f8g5c88g5f1ca0a323e6" version="2">2 Actions&lt;br&gt;Range 30 feet&lt;br&gt;Area 5-foot burst&lt;br&gt;Defense Reflex&lt;br&gt;Water blasts upward, coming out of the ground, rising from a pool, or even manifesting from thin air. Any creatures in the area take 2d4 bludgeoning damage, with a basic Reflex saving throw. A creature that critically fails its save is disoriented by the explosion of water, becoming off-guard until the end of your next turn.&lt;br&gt;Heightened (+1) The damage increases by 1d4.</content>
  <content contentuid="hbdcd62b1ge125g6a7bg84f2ge166b8157de5" version="1">Weapon Storm</content>
  <content contentuid="hc4938882g29e9ga045g4d7agca3a3975a8eb" version="1">2 Actions&lt;br&gt;Range 30 feet&lt;br&gt;Area 30-foot Cone&lt;br&gt;Defense Reflex&lt;br&gt;You swing a weapon you're holding, and the weapon magically multiplies into duplicates that swipe at all creatures in either a cone or an emanation.&lt;br&gt;Critical Success: The creature is unaffected.&lt;br&gt;Success: The target takes half damage.&lt;br&gt;Failure: The target takes full damage.&lt;br&gt;Critical Failure: The target takes double damage and is subject to the weapon's critical specialization effect.&lt;br&gt;Heightened (+1): Add another damage die.</content>
  <content contentuid="h1431be53gc2fag1340g966dgc82feba15303" version="1">Weapon Storm</content>
  <content contentuid="hf154b0ceg6c51gf02dg1e15g3132225daece" version="1">2 Actions&lt;br&gt;Range 30 feet&lt;br&gt;Area 30-foot Cone&lt;br&gt;Defense Reflex&lt;br&gt;You swing a weapon you're holding, and the weapon magically multiplies into duplicates that swipe at all creatures in either a cone or an emanation.&lt;br&gt;Critical Success: The creature is unaffected.&lt;br&gt;Success: The target takes half damage.&lt;br&gt;Failure: The target takes full damage.&lt;br&gt;Critical Failure: The target takes double damage and is subject to the weapon's critical specialization effect.&lt;br&gt;Heightened (+1): Add another damage die.</content>
  <content contentuid="h93d2218dgf97eg55fegfa6dg88b55f2122d8" version="1">Weapon Storm</content>
  <content contentuid="he1487d44g7b59g653ag219bgfb714405c2da" version="1">2 Actions&lt;br&gt;Range 30 feet&lt;br&gt;Area 30-foot Cone&lt;br&gt;Defense Reflex&lt;br&gt;You swing a weapon you're holding, and the weapon magically multiplies into duplicates that swipe at all creatures in either a cone or an emanation.&lt;br&gt;Critical Success: The creature is unaffected.&lt;br&gt;Success: The target takes half damage.&lt;br&gt;Failure: The target takes full damage.&lt;br&gt;Critical Failure: The target takes double damage and is subject to the weapon's critical specialization effect.&lt;br&gt;Heightened (+1): Add another damage die.</content>
  <content contentuid="h166a9ab5g8900g7dc1g5d59g800096f81b3d" version="1">Weapon Storm</content>
  <content contentuid="hac0392c9g1df3gd214gaa81gc6b1f8955b28" version="1">2 Actions&lt;br&gt;Range 30 feet&lt;br&gt;Area 30-foot Cone&lt;br&gt;Defense Reflex&lt;br&gt;You swing a weapon you're holding, and the weapon magically multiplies into duplicates that swipe at all creatures in either a cone or an emanation.&lt;br&gt;Critical Success: The creature is unaffected.&lt;br&gt;Success: The target takes half damage.&lt;br&gt;Failure: The target takes full damage.&lt;br&gt;Critical Failure: The target takes double damage and is subject to the weapon's critical specialization effect.&lt;br&gt;Heightened (+1): Add another damage die.</content>
  <content contentuid="h6e1a89deg66d0g7371g4a10gaced518c1f2a" version="1">Weapon Storm</content>
  <content contentuid="h159b45dbg7579g3009gd689g93151a88d4ee" version="1">2 Actions&lt;br&gt;Range 30 feet&lt;br&gt;Area 30-foot Cone&lt;br&gt;Defense Reflex&lt;br&gt;You swing a weapon you're holding, and the weapon magically multiplies into duplicates that swipe at all creatures in either a cone or an emanation.&lt;br&gt;Critical Success: The creature is unaffected.&lt;br&gt;Success: The target takes half damage.&lt;br&gt;Failure: The target takes full damage.&lt;br&gt;Critical Failure: The target takes double damage and is subject to the weapon's critical specialization effect.&lt;br&gt;Heightened (+1): Add another damage die.</content>
  <content contentuid="h5ae38bf9g9cb2g7fe0gf5f5gdfeb3d72522e" version="1">Collective Transposition</content>
  <content contentuid="hfae72980ge522g3147g21afg183b7f418f30" version="1">Teleport yourself and up to one ally back to the Submersible.</content>
  <content contentuid="h89870539gd29bg6dc0g17f4g8c57e1380d0e" version="1">Collective Transposition</content>
  <content contentuid="h418a9d4ag3049g1c6cgaceeg4cefad980239" version="1">Dimension Door</content>
  <content contentuid="h02b9762cga006g72b9g82f7g1436687f5a8e" version="1">You instantly transport yourself and any items you're wearing and holding from your current space to an unoccupied space within range you can see. If this would bring another creature with you—even if you're carrying it in an extradimensional container—the spell is lost.</content>
  <content contentuid="ha0736c6bgfd0cgbba1g1f68g1e9f6d019307" version="1">Displace</content>
  <content contentuid="h9d763b4eg68c3g4cd4gcbc5g706d98b833ed" version="1">Teleport yourself and a target to a nearby location, shredding the target's mind, and leaving behind an &lt;LSTag Type="Spell" Tooltip="Target_CreateIllusion_DisplacerBeast"&gt;Illusory Copy&lt;/LSTag&gt; of yourself.</content>
  <content contentuid="h230c6cdbg59a9g9b1eg83f3g00f1e13a8717" version="1">You teleport the targets to new positions within the area. The creatures must each be able to fit in their new space, and their positions must be unoccupied, entirely within the area, and in your line of sight. Unwilling creatures can attempt a Will save.</content>
  <content contentuid="h1e26d789g4ffag7c50gd703g06617a08eff4" version="3">Collective Transposition - Critical Success</content>
  <content contentuid="h7eb9bb33gee6ag8d78gc1fag62c674fc82ae" version="1">You teleport the targets to new positions within the area. The creatures must each be able to fit in their new space, and their positions must be unoccupied, entirely within the area, and in your line of sight. Unwilling creatures can attempt a Will save.</content>
  <content contentuid="hc49ba731gc229gba86g5f8agf415a9dfe563" version="1">The target may choose a location to teleport to.</content>
  <content contentuid="h1b64d05fg1f08g325eg3a62gf375d14ef432" version="1">Collective Transposition</content>
  <content contentuid="hed307a95ge232gfbe6g8952g1d406076519c" version="1">Choose a location to teleport your selected target(s) to.</content>
  <content contentuid="hb88df5aeg9addg8947g889eg58d9df166090" version="1">Collective Transposition - Failure</content>
  <content contentuid="h176088cag5f9dg7ea9g52d2gd7bd86dc266d" version="1">The target will be teleported to a location of your choosing.</content>
  <content contentuid="h8935c996g8262gad86g1b5ag986c091d4102" version="1">Levitating</content>
  <content contentuid="h72859ad7gc4a4gabc9g8742ge7f58cde9051" version="2">This creature is levitating, making them immune to ground based surfaces. The imbalance from being in the air has given it a -[1] penalty to attacks.</content>
  <content contentuid="h866f9aa8ge959gde14g0bedgf24c4548ecc9" version="1">Levitate</content>
  <content contentuid="hef758115g4a2egbe4agfd1eg2f2a81f6f3ac" version="1">2 Actions&lt;br&gt;Range Touch&lt;br&gt;You defy gravity and levitate the target 5 feet off the ground, making it immune to ground surfaces. A creature floating in the air from levitate takes a –2 circumstance penalty to attack rolls. A floating creature can spend an Interact action to stabilize itself and negate this penalty for the remainder of its turn.</content>
  <content contentuid="hcbe84aacge1eag1d90g3281g5b345896413d" version="1">Steady</content>
  <content contentuid="h0a522a63gc5d7gc896ge85agc85761898de2" version="1">1 Action&lt;br&gt; Steady yourself in the air, temporarily returning your attack bonus to normal.</content>
  <content contentuid="h699c9104g781bg0e34g9ac7gb1b27629a710" version="2">Steadied</content>
  <content contentuid="h4fc9a4acg3824gbb10g71d3g0efe2f87c484" version="2">This creature has steadied itself while levitating, removing the  -[1] penalty to attacks.</content>
</contentList>